{"cameraMode":{"drawMode":0,"name":"Shaded","section":"Shading Mode"},"sceneLighting":true,"audioPlay":false,"sceneViewState":{"m_AlwaysRefresh":false,"showFog":true,"showSkybox":true,"showFlares":true,"showImageEffects":true,"showParticleSystems":true,"showVisualEffectGraphs":true,"m_FxEnabled":true},"in2DMode":false,"pivot":{"x":-1.1494975090026856,"y":0.9558064937591553,"z":0.7876582145690918},"rotation":{"x":-0.07489630579948425,"y":0.8703694343566895,"z":-0.13984321057796479,"w":-0.46614590287208559},"size":2.313441276550293,"orthographic":false}